"ID";"Bezeichner";"Gehäuse";"Stückzahl";"Bezeichnung";"Anbieter und Referenz";
1;"J2";"JST_PH_B3B-PH-SM4-TB_1x03-1MP_P2.00mm_Vertical";1;"DS18B20_1";;;
2;"R51,R35,R56,R20,R50,R18,R7,R17,R36,R24,R8,R34,R65,R33,R4,R66,R39,R40,R23,R19,R3,R55,R2,R52,R49";"R_0603_1608Metric";25;"330R";;;
3;"R64,R27,R25,R44,R61,R30,R10,R46,R62,R15,R13,R32,R29,R9,R14,R26,R41,R58,R43,R59,R28,R16,R12,R63,R57,R47,R42,R11,R45,R60,R48,R31";"R_0603_1608Metric";32;"47k";;;
4;"C18,C5,C7,C12,C29,C23,C20,C27,C10,C6,C30,C13,C3,C19,C14,C26,C22,C31,C2,C28,C4,C15,C1,C21,C11";"C_0603_1608Metric";25;"100n";;;
5;"U13,U7,U5,U8,U10,U11,U4,U14";"SO-8_3.9x4.9mm_P1.27mm";8;"L9110S";;;
6;"J9";"JST_PH_B3B-PH-SM4-TB_1x03-1MP_P2.00mm_Vertical";1;"DS18B20_8";;;
7;"C25,C17,C8,C33,C16,C24,C32,C9";"C_0603_1608Metric";8;"1n";;;
8;"R22,R54,R37,R38,R53,R21,R5,R6";"R_1206_3216Metric";8;"0R1";;;
9;"J14";"RJ14_Connfly_DS1133-S4_Horizontal";1;"VALVE5";;;
10;"U9,U12,U6,U3";"SO-8_3.9x4.9mm_P1.27mm";4;"LM358";;;
11;"U2";"WEMOS_S2_mini";1;"WeMos_S2_mini";;;
12;"J10";"RJ14_Connfly_DS1133-S4_Horizontal";1;"VALVE1";;;
13;"J3";"JST_PH_B3B-PH-SM4-TB_1x03-1MP_P2.00mm_Vertical";1;"DS18B20_2";;;
14;"J5";"JST_PH_B3B-PH-SM4-TB_1x03-1MP_P2.00mm_Vertical";1;"DS18B20_4";;;
15;"J17";"RJ14_Connfly_DS1133-S4_Horizontal";1;"VALVE8";;;
16;"J12";"RJ14_Connfly_DS1133-S4_Horizontal";1;"VALVE3";;;
17;"J1";"JST_PH_B2B-PH-SM4-TB_1x02-1MP_P2.00mm_Vertical";1;"Supply";;;
18;"J6";"JST_PH_B3B-PH-SM4-TB_1x03-1MP_P2.00mm_Vertical";1;"DS18B20_5";;;
19;"R1";"R_0603_1608Metric";1;"1k";;;
20;"J15";"RJ14_Connfly_DS1133-S4_Horizontal";1;"VALVE6";;;
21;"J4";"JST_PH_B3B-PH-SM4-TB_1x03-1MP_P2.00mm_Vertical";1;"DS18B20_3";;;
22;"J13";"RJ14_Connfly_DS1133-S4_Horizontal";1;"VALVE4";;;
23;"J8";"JST_PH_B3B-PH-SM4-TB_1x03-1MP_P2.00mm_Vertical";1;"DS18B20_7";;;
24;"U1";"SOT-23";1;"CJ431";;;
25;"J7";"JST_PH_B3B-PH-SM4-TB_1x03-1MP_P2.00mm_Vertical";1;"DS18B20_6";;;
26;"J18";"TestPoint_2Pads_Pitch5.08mm_Drill1.3mm";1;"EXT";;;
27;"J11";"RJ14_Connfly_DS1133-S4_Horizontal";1;"VALVE2";;;
28;"D1";"D_SMA";1;"SS54";;;
29;"J16";"RJ14_Connfly_DS1133-S4_Horizontal";1;"VALVE7";;;
