Designator,Footprint,Quantity,Value,LCSC Part #
"C1, C10, C11, C12, C13, C14, C15, C18, C19, C2, C20, C21, C22, C23, C26, C27, C28, C29, C3, C30, C31, C4, C5, C6, C7",C_0603_1608Metric,25,100n,
"C16, C17, C24, C25, C32, C33, C8, C9",C_0603_1608Metric,8,1n,
D1,D_SMA,1,SS54,
J1,JST_PH_B2B-PH-SM4-TB_1x02-1MP_P2.00mm_Vertical,1,Supply,
J10,RJ14_Connfly_DS1133-S4_Horizontal,1,VALVE1,
J11,RJ14_Connfly_DS1133-S4_Horizontal,1,VALVE2,
J12,RJ14_Connfly_DS1133-S4_Horizontal,1,VALVE3,
J13,RJ14_Connfly_DS1133-S4_Horizontal,1,VALVE4,
J14,RJ14_Connfly_DS1133-S4_Horizontal,1,VALVE5,
J15,RJ14_Connfly_DS1133-S4_Horizontal,1,VALVE6,
J16,RJ14_Connfly_DS1133-S4_Horizontal,1,VALVE7,
J17,RJ14_Connfly_DS1133-S4_Horizontal,1,VALVE8,
J18,TestPoint_2Pads_Pitch5.08mm_Drill1.3mm,1,EXT,
J2,JST_PH_B3B-PH-SM4-TB_1x03-1MP_P2.00mm_Vertical,1,DS18B20_1,
J3,JST_PH_B3B-PH-SM4-TB_1x03-1MP_P2.00mm_Vertical,1,DS18B20_2,
J4,JST_PH_B3B-PH-SM4-TB_1x03-1MP_P2.00mm_Vertical,1,DS18B20_3,
J5,JST_PH_B3B-PH-SM4-TB_1x03-1MP_P2.00mm_Vertical,1,DS18B20_4,
J6,JST_PH_B3B-PH-SM4-TB_1x03-1MP_P2.00mm_Vertical,1,DS18B20_5,
J7,JST_PH_B3B-PH-SM4-TB_1x03-1MP_P2.00mm_Vertical,1,DS18B20_6,
J8,JST_PH_B3B-PH-SM4-TB_1x03-1MP_P2.00mm_Vertical,1,DS18B20_7,
J9,JST_PH_B3B-PH-SM4-TB_1x03-1MP_P2.00mm_Vertical,1,DS18B20_8,
R1,R_0603_1608Metric,1,1k,
"R10, R11, R12, R13, R14, R15, R16, R25, R26, R27, R28, R29, R30, R31, R32, R41, R42, R43, R44, R45, R46, R47, R48, R57, R58, R59, R60, R61, R62, R63, R64, R9",R_0603_1608Metric,32,47k,
"R17, R18, R19, R2, R20, R23, R24, R3, R33, R34, R35, R36, R39, R4, R40, R49, R50, R51, R52, R55, R56, R65, R66, R7, R8",R_0603_1608Metric,25,330R,
"R21, R22, R37, R38, R5, R53, R54, R6",R_1206_3216Metric,8,0R1,
U1,SOT-23,1,CJ431,
"U10, U11, U13, U14, U4, U5, U7, U8",SO-8_3.9x4.9mm_P1.27mm,8,L9110S,
"U12, U3, U6, U9",SO-8_3.9x4.9mm_P1.27mm,4,LM358,
U2,WEMOS_S2_mini,1,WeMos_S2_mini,
